R,V
1057.916775,0.030109
1054.465422,0.039178
1050.774550,0.048572
1046.659672,0.057894
1043.497295,0.066486
1039.184758,0.074637
1035.785185,0.081872
1032.155790,0.088668
1028.672270,0.094447
1025.452065,0.099398
1020.225430,0.103724
1017.465422,0.107037
1013.662408,0.109804
1010.167290,0.111191
1009.883755,0.112453
1002.063460,0.112036
998.045896,0.110982
994.112433,0.108595
991.011793,0.105731
986.161048,0.101291
982.583083,0.096428
979.430394,0.089836
974.320931,0.082212
971.210704,0.073459
967.375438,0.064185
963.382079,0.054339
960.102593,0.043529
955.842915,0.032836
952.923482,0.023102
950.388773,0.015070
945.891209,0.008891
942.130656,0.004813
937.910602,0.002276
934.344945,0.000779
930.278562,0.000154
925.586928,0.000310
922.175571,0.001248
918.549251,0.003006
915.202431,0.005820
910.714079,0.010112
907.254174,0.016144
903.550349,0.023737
900.424779,0.032542
896.297498,0.041981
892.234252,0.051470
889.713110,0.060541
884.809193,0.069036
881.647011,0.077148
878.506976,0.084073
874.285485,0.090314
870.288164,0.095675
866.881119,0.100393
863.433258,0.104532
858.985882,0.107537
855.850584,0.109776
850.290154,0.111695
848.177387,0.112254
844.635019,0.111558
841.140692,0.110319
836.009942,0.107918
833.622495,0.104454
828.731722,0.099762
824.216242,0.094600
821.520290,0.087400
816.480699,0.078919
812.987307,0.070131
810.611645,0.060589
806.284980,0.050367
804.010053,0.039425
798.672464,0.028972
794.166724,0.019851
792.108090,0.012627
788.298345,0.007395
784.890913,0.003900
779.739365,0.001744
777.048249,0.000537
773.828081,0.000116
769.159450,0.000457
766.136615,0.001572
761.824868,0.003489
758.358508,0.006550
754.796050,0.011150
750.096714,0.017629
747.273136,0.025664
743.806388,0.034834
739.089096,0.044293
734.733957,0.053675
732.695717,0.062615
726.607802,0.071295
725.423909,0.079079
719.175829,0.085912
715.231744,0.092043
712.196647,0.097325
708.968766,0.101715
705.254111,0.105209
702.834227,0.108225
697.319339,0.110527
694.136750,0.111409
689.392402,0.111677
687.084222,0.111093
685.028462,0.109473
681.062202,0.107072
676.531251,0.103979
674.369639,0.098865
669.528661,0.093155
666.549825,0.086000
660.347068,0.078599
658.262633,0.068648
655.688846,0.058496
648.117757,0.047453
646.134539,0.036823
642.055914,0.025762
637.361173,0.016806
634.453024,0.010451
630.843882,0.006187
628.874587,0.003158
623.340074,0.001257
619.533142,0.000317
616.068827,0.000133
612.338026,0.000692
607.655693,0.002054
604.422998,0.004252
601.275118,0.007596
596.348800,0.012516
592.857678,0.019348
589.734525,0.027551
587.129794,0.036530
582.946967,0.046326
578.840927,0.056011
575.075495,0.065254
571.297942,0.073315
567.858567,0.080913
563.687271,0.087590
560.402171,0.093649
556.341630,0.098812
552.444182,0.103128
548.500534,0.106592
545.186376,0.109413
540.574024,0.111362
537.644307,0.112150
533.450857,0.112039
530.275602,0.111271
525.741512,0.109170
522.612679,0.106218
519.420247,0.102129
514.465353,0.097276
511.569265,0.091380
508.200397,0.084048
504.136749,0.075617
500.014037,0.066248
496.711245,0.055863
492.852506,0.044945
489.150997,0.033951
485.026837,0.023895
480.496136,0.015573
477.206359,0.009151
473.735471,0.004970
469.842512,0.002308
466.069515,0.000744
461.499388,0.000135
459.321520,0.000316
455.458282,0.001165
451.295951,0.002837
447.277080,0.005634
443.592362,0.009735
440.177473,0.015380
436.935021,0.022690
433.774405,0.031755
429.508855,0.041306
426.010107,0.050459
422.151872,0.059500
417.741192,0.068298
414.215906,0.076390
411.344835,0.083336
406.338540,0.090038
402.206202,0.095770
399.703386,0.100711
396.389846,0.104658
393.079702,0.108471
387.676810,0.110265
383.380217,0.111838
381.582610,0.112419
377.018308,0.111879
371.857601,0.110026
368.526518,0.107704
365.060111,0.105139
360.753670,0.099727
357.634599,0.093777
355.031304,0.086616
350.357478,0.078732
347.484050,0.069788
343.365277,0.059916
340.365918,0.049320
337.096677,0.038853
333.264877,0.029056
331.974620,0.019499
333.973956,0.012171
321.185930,0.006915
317.111127,0.003601
313.985018,0.001520
309.664220,0.000398
307.730103,0.000113
303.411963,0.000578
298.705303,0.001824
294.602521,0.003987
288.793162,0.007471
287.516980,0.012502
291.860666,0.018983
278.316007,0.026606
276.824653,0.035939
271.655353,0.045616
267.883340,0.055014
264.701786,0.063655
262.475385,0.071778
258.834342,0.080466
254.445046,0.086475
251.110808,0.093034
248.505413,0.097529
253.377606,0.094357
252.442915,0.088685
255.521527,0.081658
261.588649,0.074167
266.702019,0.065909
267.838233,0.056754
271.914349,0.047357
275.096564,0.037899
278.402712,0.028813
283.559646,0.020210
287.884797,0.013404
288.294181,0.008195
294.385851,0.004653
297.780394,0.002267
299.754880,0.000842
309.005886,0.000168
308.781565,0.000243
311.006760,0.001137
315.134109,0.002953
319.781912,0.005940
323.551651,0.010505
326.924832,0.017499
331.020938,0.026173
334.288147,0.035992
337.429831,0.045948
342.092634,0.057185
344.545895,0.067622
347.868953,0.076794
351.838901,0.085057
355.930267,0.092497
359.682545,0.098384
363.169151,0.103394
367.263728,0.107390
369.542876,0.110451
375.029154,0.112207
377.429233,0.112914
381.781223,0.112917
386.851557,0.112344
389.512859,0.110531
396.400185,0.107418
398.273708,0.104050
401.079582,0.099988
404.916737,0.094666
409.257473,0.088169
412.345969,0.081403
416.939278,0.073742
420.319803,0.065094
425.137577,0.055697
428.048305,0.046210
432.242591,0.036508
436.177408,0.027110
439.825287,0.018780
442.452055,0.012184
445.832877,0.007281
449.169453,0.003987
453.065028,0.001866
456.904858,0.000601
460.366428,0.000118
464.026025,0.000427
468.238494,0.001495
471.357440,0.003481
474.867137,0.006758
478.492352,0.011742
482.852474,0.018670
486.287834,0.027718
490.022608,0.038264
493.961902,0.049649
497.634852,0.060118
502.138414,0.070129
505.058122,0.079706
508.824548,0.087522
512.673028,0.093973
515.680321,0.099686
519.864876,0.104591
523.221200,0.108188
527.211724,0.110866
530.974923,0.112588
534.525636,0.113329
538.426358,0.113097
541.779311,0.111987
545.865241,0.109984
549.356169,0.107142
552.844610,0.103500
557.187220,0.098937
560.553845,0.093763
564.042518,0.087820
567.702875,0.081113
571.951173,0.073157
575.585329,0.064980
579.269969,0.055778
583.631642,0.046072
588.292568,0.036196
589.978199,0.026787
594.294227,0.018467
597.428049,0.011777
601.951661,0.006893
605.386207,0.003658
609.665054,0.001590
613.348370,0.000447
618.033826,0.000115
621.123465,0.000566
623.198641,0.001859
628.924355,0.004148
630.936526,0.007712
634.278300,0.013120
640.689902,0.020797
644.621455,0.030280
648.126787,0.040585
652.593239,0.050921
655.636071,0.061614
660.144868,0.071754
660.123819,0.080284
665.992000,0.087964
670.069294,0.095123
674.159811,0.100866
677.454320,0.105302
682.505080,0.108708
686.336499,0.111095
688.445259,0.112415
692.447394,0.112564
695.118298,0.112371
697.254355,0.111022
702.837080,0.108730
706.205869,0.105841
709.848462,0.101925
715.152365,0.097094
717.298833,0.091826
720.673636,0.085566
726.253926,0.078554
727.877364,0.070785
731.308699,0.062237
734.445101,0.053070
739.825901,0.043694
743.734931,0.034094
747.145754,0.025136
750.334813,0.017180
754.586891,0.010850
759.077562,0.006288
761.530415,0.003333
766.952366,0.001414
769.740137,0.000381
774.927668,0.000132
777.365098,0.000724
781.010733,0.002184
784.984740,0.004694
789.670819,0.008787
793.904609,0.015072
797.206210,0.023225
800.708691,0.033083
804.158905,0.044085
807.681557,0.055230
812.633284,0.065321
816.269113,0.074817
818.885414,0.083135
823.519509,0.090466
826.919964,0.096750
828.704823,0.101969
833.774385,0.106283
837.666023,0.109417
841.060733,0.111497
844.343935,0.112759
850.029015,0.112832
852.245896,0.112078
856.189633,0.110465
858.930853,0.107917
863.493583,0.104497
866.935914,0.100352
870.234825,0.095555
874.652670,0.089872
879.131403,0.083336
882.530162,0.075886
885.157498,0.067694
890.336695,0.059117
893.755585,0.049766
897.146438,0.040144
900.802566,0.030877
903.955138,0.022373
907.406211,0.015030
911.669807,0.009270
915.058203,0.005331
918.518172,0.002707
923.126704,0.001056
926.415902,0.000226
930.152982,0.000211
934.426402,0.001020
937.901923,0.002733
942.734265,0.005719
945.781973,0.010282
950.275366,0.017076
953.586484,0.026276
958.390783,0.037075
962.705285,0.047976
965.098511,0.058750
969.137931,0.069184
972.219955,0.078782
977.278549,0.086819
981.242562,0.093903
984.968044,0.099983
989.010024,0.104944
992.576818,0.108485
996.493140,0.111017
1000.855350,0.112490
1003.262410,0.113235
1007.261755,0.113143
1010.437125,0.112037
1014.559487,0.110016
1017.985135,0.107039
1021.904397,0.103439
1025.425262,0.098972
1029.004200,0.093555
1033.096675,0.087523
1036.426513,0.080850
1039.867310,0.073517
1043.430357,0.064863
1047.825473,0.055803
1051.181835,0.046592
1054.502830,0.037305
1058.022085,0.027867
1062.358445,0.019429
1065.030335,0.013864
1063.338805,0.017819
1058.958597,0.025755
1055.792917,0.034822
1051.251917,0.044147
1048.706910,0.053490
1044.321890,0.062690
1040.871720,0.071161
1037.469840,0.078795
1033.068275,0.085583
1029.649495,0.091935
1025.626120,0.097755
1021.924302,0.102414
