R,V
248.505413,0.097529
251.110808,0.093034
252.442915,0.088685
253.377606,0.094357
254.445046,0.086475
255.521527,0.081658
258.834342,0.080466
261.588649,0.074167
262.475385,0.071778
264.701786,0.063655
267.838233,0.056754
267.88334,0.055014
271.655353,0.045616
271.914349,0.047357
275.096564,0.037899
276.824653,0.035939
278.316007,0.026606
278.402712,0.028813
283.559646,0.02021
287.51698,0.012502
287.884797,0.013404
288.294181,0.008195
288.793162,0.007471
294.385851,0.004653
294.602521,0.003987
297.780394,0.002267
298.705303,0.001824
299.75488,0.000842
303.411963,0.000578
307.730103,0.000113
308.781565,0.000243
309.005886,0.000168
309.66422,0.000398
311.00676,0.001137
313.985018,0.00152
315.134109,0.002953
317.111127,0.003601
319.781912,0.00594
321.18593,0.006915
323.551651,0.010505
326.924832,0.017499
331.020938,0.026173
333.264877,0.029056
334.288147,0.035992
337.096677,0.038853
337.429831,0.045948
340.365918,0.04932
342.092634,0.057185
343.365277,0.059916
344.545895,0.067622
347.48405,0.069788
347.868953,0.076794
350.357478,0.078732
351.838901,0.085057
355.031304,0.086616
355.930267,0.092497
357.634599,0.093777
359.682545,0.098384
360.75367,0.099727
363.169151,0.103394
365.060111,0.105139
367.263728,0.10739
368.526518,0.107704
369.542876,0.110451
371.857601,0.110026
375.029154,0.112207
377.018308,0.111879
377.429233,0.112914
381.58261,0.112419
381.781223,0.112917
383.380217,0.111838
386.851557,0.112344
387.67681,0.110265
389.512859,0.110531
393.079702,0.108471
396.389846,0.104658
396.400185,0.107418
398.273708,0.10405
399.703386,0.100711
401.079582,0.099988
402.206202,0.09577
404.916737,0.094666
406.33854,0.090038
409.257473,0.088169
411.344835,0.083336
412.345969,0.081403
414.215906,0.07639
416.939278,0.073742
417.741192,0.068298
420.319803,0.065094
422.151872,0.0595
425.137577,0.055697
426.010107,0.050459
428.048305,0.04621
429.508855,0.041306
432.242591,0.036508
433.774405,0.031755
436.177408,0.02711
436.935021,0.02269
439.825287,0.01878
440.177473,0.01538
442.452055,0.012184
443.592362,0.009735
445.832877,0.007281
447.27708,0.005634
449.169453,0.003987
451.295951,0.002837
453.065028,0.001866
455.458282,0.001165
456.904858,0.000601
459.32152,0.000316
460.366428,0.000118
461.499388,0.000135
464.026025,0.000427
466.069515,0.000744
468.238494,0.001495
469.842512,0.002308
471.35744,0.003481
473.735471,0.00497
474.867137,0.006758
477.206359,0.009151
478.492352,0.011742
480.496136,0.015573
482.852474,0.01867
485.026837,0.023895
486.287834,0.027718
489.150997,0.033951
490.022608,0.038264
492.852506,0.044945
493.961902,0.049649
496.711245,0.055863
497.634852,0.060118
500.014037,0.066248
502.138414,0.070129
504.136749,0.075617
505.058122,0.079706
508.200397,0.084048
508.824548,0.087522
511.569265,0.09138
512.673028,0.093973
514.465353,0.097276
515.680321,0.099686
519.420247,0.102129
519.864876,0.104591
522.612679,0.106218
523.2212,0.108188
525.741512,0.10917
527.211724,0.110866
530.275602,0.111271
530.974923,0.112588
533.450857,0.112039
534.525636,0.113329
537.644307,0.11215
538.426358,0.113097
540.574024,0.111362
541.779311,0.111987
545.186376,0.109413
545.865241,0.109984
548.500534,0.106592
549.356169,0.107142
552.444182,0.103128
552.84461,0.1035
556.34163,0.098812
557.18722,0.098937
560.402171,0.093649
560.553845,0.093763
563.687271,0.08759
564.042518,0.08782
567.702875,0.081113
567.858567,0.080913
571.297942,0.073315
571.951173,0.073157
575.075495,0.065254
575.585329,0.06498
578.840927,0.056011
579.269969,0.055778
582.946967,0.046326
583.631642,0.046072
587.129794,0.03653
588.292568,0.036196
589.734525,0.027551
589.978199,0.026787
592.857678,0.019348
594.294227,0.018467
596.3488,0.012516
597.428049,0.011777
601.275118,0.007596
601.951661,0.006893
604.422998,0.004252
605.386207,0.003658
607.655693,0.002054
609.665054,0.00159
612.338026,0.000692
613.34837,0.000447
616.068827,0.000133
618.033826,0.000115
619.533142,0.000317
621.123465,0.000566
623.198641,0.001859
623.340074,0.001257
628.874587,0.003158
628.924355,0.004148
630.843882,0.006187
630.936526,0.007712
634.2783,0.01312
634.453024,0.010451
637.361173,0.016806
640.689902,0.020797
642.055914,0.025762
644.621455,0.03028
646.134539,0.036823
648.117757,0.047453
648.126787,0.040585
652.593239,0.050921
655.636071,0.061614
655.688846,0.058496
658.262633,0.068648
660.123819,0.080284
660.144868,0.071754
660.347068,0.078599
665.992,0.087964
666.549825,0.086
669.528661,0.093155
670.069294,0.095123
674.159811,0.100866
674.369639,0.098865
676.531251,0.103979
677.45432,0.105302
681.062202,0.107072
682.50508,0.108708
685.028462,0.109473
686.336499,0.111095
687.084222,0.111093
688.445259,0.112415
689.392402,0.111677
692.447394,0.112564
694.13675,0.111409
695.118298,0.112371
697.254355,0.111022
697.319339,0.110527
702.834227,0.108225
702.83708,0.10873
705.254111,0.105209
706.205869,0.105841
708.968766,0.101715
709.848462,0.101925
712.196647,0.097325
715.152365,0.097094
715.231744,0.092043
717.298833,0.091826
719.175829,0.085912
720.673636,0.085566
725.423909,0.079079
726.253926,0.078554
726.607802,0.071295
727.877364,0.070785
731.308699,0.062237
732.695717,0.062615
734.445101,0.05307
734.733957,0.053675
739.089096,0.044293
739.825901,0.043694
743.734931,0.034094
743.806388,0.034834
747.145754,0.025136
747.273136,0.025664
750.096714,0.017629
750.334813,0.01718
754.586891,0.01085
754.79605,0.01115
758.358508,0.00655
759.077562,0.006288
761.530415,0.003333
761.824868,0.003489
766.136615,0.001572
766.952366,0.001414
769.15945,0.000457
769.740137,0.000381
773.828081,0.000116
774.927668,0.000132
777.048249,0.000537
777.365098,0.000724
779.739365,0.001744
781.010733,0.002184
784.890913,0.0039
784.98474,0.004694
788.298345,0.007395
789.670819,0.008787
792.10809,0.012627
793.904609,0.015072
794.166724,0.019851
797.20621,0.023225
798.672464,0.028972
800.708691,0.033083
804.010053,0.039425
804.158905,0.044085
806.28498,0.050367
807.681557,0.05523
810.611645,0.060589
812.633284,0.065321
812.987307,0.070131
816.269113,0.074817
816.480699,0.078919
818.885414,0.083135
821.52029,0.0874
823.519509,0.090466
824.216242,0.0946
826.919964,0.09675
828.704823,0.101969
828.731722,0.099762
833.622495,0.104454
833.774385,0.106283
836.009942,0.107918
837.666023,0.109417
841.060733,0.111497
841.140692,0.110319
844.343935,0.112759
844.635019,0.111558
848.177387,0.112254
850.029015,0.112832
850.290154,0.111695
852.245896,0.112078
855.850584,0.109776
856.189633,0.110465
858.930853,0.107917
858.985882,0.107537
863.433258,0.104532
863.493583,0.104497
866.881119,0.100393
866.935914,0.100352
870.234825,0.095555
870.288164,0.095675
874.285485,0.090314
874.65267,0.089872
878.506976,0.084073
879.131403,0.083336
881.647011,0.077148
882.530162,0.075886
884.809193,0.069036
885.157498,0.067694
889.71311,0.060541
890.336695,0.059117
892.234252,0.05147
893.755585,0.049766
896.297498,0.041981
897.146438,0.040144
900.424779,0.032542
900.802566,0.030877
903.550349,0.023737
903.955138,0.022373
907.254174,0.016144
907.406211,0.01503
910.714079,0.010112
911.669807,0.00927
915.058203,0.005331
915.202431,0.00582
918.518172,0.002707
918.549251,0.003006
922.175571,0.001248
923.126704,0.001056
925.586928,0.00031
926.415902,0.000226
930.152982,0.000211
930.278562,0.000154
934.344945,0.000779
934.426402,0.00102
937.901923,0.002733
937.910602,0.002276
942.130656,0.004813
942.734265,0.005719
945.781973,0.010282
945.891209,0.008891
950.275366,0.017076
950.388773,0.01507
952.923482,0.023102
953.586484,0.026276
955.842915,0.032836
958.390783,0.037075
960.102593,0.043529
962.705285,0.047976
963.382079,0.054339
965.098511,0.05875
967.375438,0.064185
969.137931,0.069184
971.210704,0.073459
972.219955,0.078782
974.320931,0.082212
977.278549,0.086819
979.430394,0.089836
981.242562,0.093903
982.583083,0.096428
984.968044,0.099983
986.161048,0.101291
989.010024,0.104944
991.011793,0.105731
992.576818,0.108485
994.112433,0.108595
996.49314,0.111017
998.045896,0.110982
1000.85535,0.11249
1002.06346,0.112036
1003.26241,0.113235
1007.261755,0.113143
1009.883755,0.112453
1010.16729,0.111191
1010.437125,0.112037
1013.662408,0.109804
1014.559487,0.110016
1017.465422,0.107037
1017.985135,0.107039
1020.22543,0.103724
1021.904397,0.103439
1021.924302,0.102414
1025.425262,0.098972
1025.452065,0.099398
1025.62612,0.097755
1028.67227,0.094447
1029.0042,0.093555
1029.649495,0.091935
1032.15579,0.088668
1033.068275,0.085583
1033.096675,0.087523
1035.785185,0.081872
1036.426513,0.08085
1037.46984,0.078795
1039.184758,0.074637
1039.86731,0.073517
1040.87172,0.071161
1043.430357,0.064863
1043.497295,0.066486
1044.32189,0.06269
1046.659672,0.057894
1047.825473,0.055803
1048.70691,0.05349
1050.77455,0.048572
1051.181835,0.046592
1051.251917,0.044147
1054.465422,0.039178
1054.50283,0.037305
1055.792917,0.034822
1057.916775,0.030109
1058.022085,0.027867
1058.958597,0.025755
1062.358445,0.019429
1063.338805,0.017819
1065.030335,0.013864
